﻿<?xml version="1.0" encoding="utf-8"?><ArrayOfBike xmlns:xsi="http://www.w3.org/2001/XMLSchema-instance" xmlns:xsd="http://www.w3.org/2001/XMLSchema"><Bike xsi:type="Mountainbike"><Biketype>Mountian Bike</Biketype><Sn>1</Sn><Brand>honda</Brand><Model>2018</Model><Price>15000</Price><Color>Red</Color><Speed>x10</Speed><Style>Adult</Style><Madedate><Day>2019</Day><Month>2</Month><Year>12</Year></Madedate><Heightfg>1200</Heightfg><Typefs>Front</Typefs></Bike><Bike xsi:type="Mountainbike"><Biketype>Mountian Bike</Biketype><Sn>1</Sn><Brand>honda</Brand><Model>2018</Model><Price>15000</Price><Color>Red</Color><Speed>x10</Speed><Style>Adult</Style><Madedate><Day>2018</Day><Month>2</Month><Year>12</Year></Madedate><Heightfg>1200</Heightfg><Typefs>Front</Typefs></Bike></ArrayOfBike>